"PatientID","Diagnosis"
1505,0
1506,1
1507,1
1508,1
1509,1
1510,1
1511,1
1512,0
1513,0
1514,0
1515,1
1516,1
1517,1
1518,1
1519,0
1520,1
1521,1
1522,0
1523,1
1524,1
1525,1
1526,0
1527,1
1528,1
1529,0
1530,0
1531,1
1532,1
1533,1
1534,1
1535,1
1536,1
1537,1
1538,0
1539,0
1540,1
1541,1
1542,0
1543,1
1544,1
1545,1
1546,0
1547,0
1548,0
1549,0
1550,1
1551,0
1552,0
1553,0
1554,1
1555,1
1556,0
1557,0
1558,0
1559,1
1560,0
1561,0
1562,1
1563,0
1564,0
1565,0
1566,1
1567,1
1568,1
1569,0
1570,0
1571,1
1572,0
1573,1
1574,1
1575,0
1576,0
1577,0
1578,1
1579,1
1580,0
1581,0
1582,0
1583,0
1584,0
1585,1
1586,0
1587,0
1588,0
1589,1
1590,0
1591,0
1592,0
1593,1
1594,1
1595,1
1596,1
1597,1
1598,1
1599,0
1600,0
1601,1
1602,0
1603,0
1604,1
1605,1
1606,0
1607,0
1608,0
1609,1
1610,0
1611,0
1612,0
1613,1
1614,1
1615,0
1616,0
1617,0
1618,0
1619,0
1620,0
1621,0
1622,0
1623,1
1624,1
1625,1
1626,1
1627,1
1628,1
1629,1
1630,1
1631,0
1632,0
1633,1
1634,0
1635,1
1636,1
1637,1
1638,0
1639,1
1640,1
1641,1
1642,1
1643,0
1644,1
1645,1
1646,0
1647,1
1648,1
1649,0
1650,1
1651,0
1652,0
1653,0
1654,1
1655,1
1656,1
1657,1
1658,1
1659,0
1660,0
1661,0
1662,1
1663,0
1664,0
1665,0
1666,1
1667,1
1668,1
1669,0
1670,0
1671,1
1672,0
1673,1
1674,1
1675,0
1676,0
1677,0
1678,1
1679,1
1680,0
1681,1
1682,1
1683,1
1684,0
1685,0
1686,1
1687,1
1688,1
1689,1
1690,0
1691,0
1692,1
1693,0
1694,1
1695,0
1696,0
1697,0
1698,1
1699,0
1700,1
1701,1
1702,1
1703,0
1704,0
1705,1
1706,0
1707,1
1708,0
1709,0
1710,0
1711,1
1712,1
1713,0
1714,1
1715,1
1716,0
1717,1
1718,1
1719,1
1720,0
1721,1
1722,0
1723,1
1724,1
1725,0
1726,1
1727,1
1728,0
1729,0
1730,1
1731,1
1732,0
1733,0
1734,0
1735,0
1736,0
1737,1
1738,1
1739,0
1740,1
1741,1
1742,0
1743,0
1744,0
1745,1
1746,1
1747,0
1748,1
1749,1
1750,1
1751,1
1752,0
1753,0
1754,1
1755,1
1756,0
1757,0
1758,1
1759,0
1760,1
1761,1
1762,1
1763,0
1764,1
1765,1
1766,1
1767,1
1768,0
1769,1
1770,1
1771,0
1772,0
1773,1
1774,1
1775,0
1776,1
1777,1
1778,0
1779,0
1780,0
1781,1
1782,1
1783,0
1784,1
1785,1
1786,1
1787,0
1788,0
1789,1
1790,1
1791,0
1792,0
1793,0
1794,0
1795,0
1796,0
1797,0
1798,0
1799,0
1800,1
1801,0
1802,0
1803,1
1804,0
1805,0
1806,1
1807,0
1808,1
1809,0
1810,0
1811,0
1812,0
1813,1
1814,1
1815,0
1816,0
1817,0
1818,0
1819,0
1820,1
1821,1
1822,0
1823,1
1824,1
1825,0
1826,0
1827,0
1828,0
1829,0
1830,1
1831,0
1832,0
1833,1
1834,0
1835,1
1836,0
1837,0
1838,1
1839,1
1840,0
1841,1
1842,1
1843,0
1844,1
1845,0
1846,1
1847,0
1848,0
1849,0
1850,1
1851,0
1852,0
1853,0
1854,1
1855,1
1856,1
1857,0
1858,0
1859,1
1860,0
1861,0
1862,1
1863,0
1864,0
1865,0
1866,1
1867,0
1868,0
1869,0
1870,1
1871,1
1872,0
1873,1
1874,0
1875,1
1876,0
1877,1
1878,1
1879,1
1880,0
1881,0
1882,0
1883,0
1884,0
1885,1
1886,0
1887,1
1888,0
1889,0
1890,0
1891,0
1892,1
1893,0
1894,0
1895,0
1896,1
1897,1
1898,1
1899,1
1900,0
1901,0
1902,0
1903,0
1904,0
1905,1
1906,1
1907,1
1908,1
1909,1
1910,0
1911,1
1912,0
1913,0
1914,0
1915,1
1916,0
1917,1
1918,1
1919,0
1920,0
1921,0
1922,1
1923,1
1924,0
1925,1
1926,1
1927,0
1928,1
1929,0
1930,0
1931,0
1932,1
1933,0
1934,0
1935,0
1936,0
1937,1
1938,1
1939,0
1940,0
1941,0
1942,0
1943,0
1944,0
1945,1
1946,1
1947,0
1948,1
1949,0
1950,0
1951,1
1952,1
1953,0
1954,0
1955,0
1956,0
1957,0
1958,0
1959,0
1960,0
1961,0
1962,0
1963,0
1964,1
1965,0
1966,1
1967,0
1968,1
1969,1
1970,1
1971,0
1972,0
1973,0
1974,0
1975,0
1976,1
1977,0
1978,0
1979,0
1980,1
1981,1
1982,1
1983,0
1984,0
1985,1
1986,0
1987,0
1988,1
1989,0
1990,1
1991,1
1992,1
1993,1
1994,1
1995,1
1996,1
1997,1
1998,0
1999,1
2000,0
2001,0
2002,0
2003,1
2004,1
2005,1
2006,1
2007,1
2008,1
2009,0
2010,1
2011,0
2012,1
2013,1
2014,1
2015,0
2016,0
2017,1
2018,1
2019,0
2020,1
2021,1
2022,0
2023,1
2024,0
2025,1
2026,0
2027,0
2028,0
2029,0
2030,1
2031,0
2032,1
2033,0
2034,0
2035,0
2036,0
2037,1
2038,1
2039,1
2040,0
2041,0
2042,0
2043,1
2044,0
2045,1
2046,0
2047,1
2048,1
2049,0
2050,1
2051,1
2052,0
2053,1
2054,0
2055,0
2056,0
2057,1
2058,1
2059,1
2060,1
2061,0
2062,1
2063,1
2064,0
2065,1
2066,1
2067,0
2068,0
2069,1
2070,1
2071,0
2072,0
2073,0
2074,1
2075,0
2076,0
2077,1
2078,0
2079,1
2080,1
2081,0
2082,0
2083,1
2084,0
2085,1
2086,1
2087,0
2088,1
2089,1
2090,0
2091,0
2092,0
2093,0
2094,1
2095,1
2096,0
2097,0
2098,1
2099,1
2100,1
2101,1
2102,1
2103,0
2104,0
2105,1
2106,1
2107,0
2108,1
2109,0
2110,1
2111,0
2112,0
2113,1
2114,0
2115,0
2116,1
2117,1
2118,0
2119,1
2120,0
2121,0
2122,0
2123,0
2124,0
2125,0
2126,0
2127,0
2128,1
2129,1
2130,1
2131,1
2132,1
2133,1
2134,1
2135,1
2136,1
2137,1
2138,0
2139,1
2140,1
2141,1
2142,0
2143,1
2144,1
2145,1
2146,0
2147,0
2148,0
2149,1
